timestamp,reactor_temp,cpu_temp,ambient_temp,humidity,pressure,rotation.x,rotation.y,rotation.z,dial1,dial2,temperature,heater_output,dummy_output_slider,dummy_output_selector,pid.temp_control.setpoint,pid.temp_control.pv,pid.temp_control.output,pid.temp_control.error
2026-03-04 18:44:01.025,32.4141826587201,75.74275978701193,25.13953148843666,62.39834594317471,1023.5404024482827,2.2419982879039764,2.842826570474879,2.174007616682617,85.65710536486732,16.98677903276966,25.126352627557388,45.72333285217207,25.0,0.0,50.0,32.4141826587201,45.72333285217207,17.5858173412799
2026-03-04 18:44:02.029,38.00221239822303,55.45120293345657,24.725973169825743,45.74342409786691,991.7744834216865,0.4912906380254442,1.2533173250285086,4.915177042197865,14.104517969714047,89.45168842960892,29.577031554259328,33.28988982776217,25.0,0.0,50.0,38.00221239822303,33.28988982776217,11.99778760177697
2026-03-04 18:44:03.029,41.648627626906716,49.41999337167174,29.865051156385977,51.887121727832096,1009.7377542200421,5.830853436495448,2.9225798239014846,3.7744713317531806,89.1335650755336,19.703584248420047,27.956290394126988,25.26641233051005,25.0,0.0,50.0,41.648627626906716,25.26641233051005,8.351372373093284
2026-03-04 18:44:04.028,44.02853341283332,66.77317028574637,22.084999285414142,50.24608841428096,1001.0354843660625,0.5681768643075348,0.9878408617584,0.2411714385805057,45.634747637782105,42.271750343991656,26.402306379973055,20.023024017649345,25.0,0.0,50.0,44.02853341283332,20.023024017649345,5.971466587166681
2026-03-04 18:44:05.025,45.86101073278049,68.59973277686258,26.98214067268339,39.13086857933312,1048.3790855860736,5.162394891246085,0.011118604882702502,3.245927571964804,97.4526563247512,47.5044400276174,28.417851162725917,15.992285227478643,25.0,0.0,50.0,45.86101073278049,15.992285227478643,4.138989267219507
2026-03-04 18:44:06.029,46.936122836332615,76.34493920105547,29.831448083940124,59.52790151719974,1021.8224071382049,4.0211824048891796,4.518957300903323,6.26514133486361,17.686121487511564,10.11059495271649,24.727018877497635,13.682362296294933,25.0,0.0,50.0,46.936122836332615,13.682362296294933,3.063877163667385
2026-03-04 18:44:07.027,47.59076579366302,69.4541852902097,22.837641314162678,32.67281618685453,1028.0598221642451,3.3001453788539754,1.0512133591339436,4.549668761897742,98.29102356009713,57.32624410589017,23.03787271808039,12.344497992389986,25.0,0.0,50.0,47.59076579366302,12.344497992389986,2.4092342063369827
2026-03-04 18:44:08.029,48.07783825736446,58.56835948926388,28.741806006007906,51.15478273502691,1035.861467949077,4.850308653285182,3.464743976396018,5.05882210746931,88.63077932235953,93.2151886719977,20.603564647524777,11.339236176883709,25.0,0.0,50.0,48.07783825736446,11.339236176883709,1.922161742635538
2026-03-04 18:44:09.027,48.3837004278446,67.32265145059661,27.93523934225105,65.72806347642774,1038.0303590753656,5.600392361951428,4.220220545208067,4.875047602209243,94.38667154770862,14.84623707670314,22.08983222431813,10.739079680601982,25.0,0.0,50.0,48.3837004278446,10.739079680601982,1.6162995721553983
2026-03-04 18:44:10.025,48.715075882075524,74.6263469476967,24.932126921205047,69.13136459230016,973.2663101968737,0.7684848152727258,5.245298259201573,4.176910224783702,76.4569070189426,67.59678739979506,20.953151768733733,10.076933134407899,25.0,0.0,50.0,48.715075882075524,10.076933134407899,1.2849241179244757
2026-03-04 18:44:11.026,48.9007419828108,76.05206553643134,22.65110872639346,45.062397019308115,988.5397843695126,5.412485798618126,5.566166734506795,2.936612128387595,49.50864833397286,29.7152073189621,28.20856747143328,9.681984233846336,25.0,0.0,50.0,48.9007419828108,9.681984233846336,1.0992580171892001
2026-03-04 18:44:12.029,49.21535548888364,58.9083144456599,22.971578866204375,67.5331901113868,1003.59953429255,4.412325403785284,1.936623390033577,5.072783275381862,92.07373617843734,96.44611177609454,22.878817121014517,9.028584811314374,25.0,0.0,50.0,49.21535548888364,9.028584811314374,0.7846445111163618
2026-03-04 18:44:13.025,49.42271802690458,79.5704452236972,21.477152748115266,52.879375221645496,976.7500369012747,0.1708981839515508,0.7705150594355668,5.532162278346194,38.540069141686395,9.609818755501154,21.41046764011504,8.577000790091263,25.0,0.0,50.0,49.42271802690458,8.577000790091263,0.5772819730954168
2026-03-04 18:44:14.029,49.428566683568185,59.76788765603688,26.764006549082673,51.324090025393616,969.810465088868,4.083332104232482,5.484311968373218,4.426983580829166,12.307977121607315,66.7103976156921,23.416510754856667,8.614700999834817,25.0,0.0,50.0,49.428566683568185,8.614700999834817,0.5714333164318148
2026-03-04 18:44:15.029,49.574121852264035,44.63723597265699,28.254542207243595,58.079526842201616,1002.2799756823158,1.8968870611281776,5.48550102135047,1.5471081374326572,29.074822263353084,68.12478783442198,27.920219226978105,8.284585094170277,25.0,0.0,50.0,49.574121852264035,8.284585094170277,0.4258781477359648
2026-03-04 18:44:16.028,49.73826282117152,53.37844115101558,29.399257903191202,62.08680063326228,1036.3766223868565,4.456259728026854,2.020764875273422,6.251229205655091,91.70817233905092,76.68198776380513,22.165378876432396,7.926690865116697,25.0,0.0,50.0,49.73826282117152,7.926690865116697,0.2617371788284828
2026-03-04 18:44:17.029,49.86719879322709,67.5692413594673,28.919559820589654,44.07345234769914,998.7705145023605,1.3320771337087536,6.017424937625211,2.9619994459245467,77.08784440438605,67.74394663049311,27.631465451047617,7.641262673611556,25.0,0.0,50.0,49.86719879322709,7.641262673611556,0.13280120677291052
2026-03-04 18:44:18.025,49.691038083566156,75.7818749676101,29.70575076108986,63.67805124199229,1022.9766023645973,5.761723067263721,0.3246222075127952,5.226176473642947,49.535446176365625,39.504411572388356,20.4857485841002,8.111839647789122,25.0,0.0,50.0,49.691038083566156,8.111839647789122,0.3089619164338444
2026-03-04 18:44:19.026,49.5953439200666,79.25335066086498,23.87844007648129,47.46638014851173,1004.5358487686473,2.0688615125398346,6.165707918506954,0.7517815396950813,1.836001671659282,54.58352308480544,29.17629428908593,8.318637099629534,25.0,0.0,50.0,49.5953439200666,8.318637099629534,0.40465607993340313
2026-03-04 18:44:20.026,49.64234232338805,66.90069860237635,29.703568556461807,63.35507095015741,965.8822488699159,0.28258947751604213,1.42817314609933,5.919558044191626,65.4524115742627,90.91719806368691,29.74963979926867,8.288218386219476,25.0,0.0,50.0,49.64234232338805,8.288218386219476,0.35765767661195014
2026-03-04 18:44:21.028,49.6219479122143,70.75512113236107,23.461260805346562,57.98864451010258,955.7071348012264,5.871555727032887,4.450508691295874,3.7335796899696483,90.26734262499751,33.86635410187972,27.321456040584735,8.352640719890818,25.0,0.0,50.0,49.6219479122143,8.352640719890818,0.3780520877856972
2026-03-04 18:44:22.026,49.56738419630876,74.42814605218894,23.809118712910244,41.97514041564368,966.5748242632,2.020780507541279,2.054773623733845,1.8066068301611087,87.4806159257371,19.630040280334505,22.310743309757488,8.54799690255124,25.0,0.0,50.0,49.56738419630876,8.54799690255124,0.43261580369124175
2026-03-04 18:44:23.028,49.73134726168662,51.97138086127557,20.418113069271403,64.41540531644688,968.6113651458409,6.153513851113682,3.028232353999801,1.5431389689738892,84.12001301631142,10.46696764298628,28.51049592045949,8.171095789690526,25.0,0.0,50.0,49.73134726168662,8.171095789690526,0.2686527383133779
2026-03-04 18:44:24.029,49.632660703361125,48.03743386117959,21.342302378900538,50.504255692226494,971.9112002503504,3.172625089690929,1.1925560812018705,4.1987811709375435,59.72540894946724,69.87839264236331,26.42968335544999,8.428503874621429,25.0,0.0,50.0,49.632660703361125,8.428503874621429,0.36733929663887466
2026-03-04 18:44:25.026,49.70770450140846,66.09333053829849,29.348186119527202,54.51233885447504,981.9417833962859,6.086446825372198,4.98491874230199,2.249897545336272,78.09369358927714,90.81502892740086,20.033506709523497,8.271881892333077,25.0,0.0,50.0,49.70770450140846,8.271881892333077,0.29229549859154247
2026-03-04 18:44:26.025,49.74274696868755,68.71652190486085,21.706341813725533,58.790156918994235,1010.5308784079344,5.395508822841018,0.19319356839383647,6.08837771549534,6.046231381801947,44.95258648096703,27.84800410371163,8.250468050588168,25.0,0.0,50.0,49.74274696868755,8.250468050588168,0.2572530313124517
2026-03-04 18:44:27.026,50.09910607777558,53.267531123829,24.348995318625498,59.879071981324344,999.175983271206,2.470427625091927,5.159859269062145,0.37545110735912063,39.16290773409423,61.36372982762058,25.165442643624193,7.33924133580303,25.0,0.0,50.0,50.09910607777558,7.33924133580303,-0.09910607777558056
2026-03-04 18:44:28.026,49.89947374208523,77.24567191204386,26.92965028375326,59.27557250100541,952.8961034772349,0.17419925415911702,2.7318830790184765,0.10463748580679179,12.138918444928892,70.20402065395956,23.376814575582003,7.867054824352962,25.0,0.0,50.0,49.89947374208523,7.867054824352962,0.10052625791477254
2026-03-04 18:44:29.029,50.04956507982749,62.207890657460624,20.40586407618165,63.17094102838122,1036.495529842396,5.0707868451109075,5.488539580857507,6.012744288994838,82.31271257662291,46.06393270043235,28.016173289594036,7.465276612068948,25.0,0.0,50.0,50.04956507982749,7.465276612068948,-0.049565079827488034
2026-03-04 18:44:30.029,49.834244760560004,78.64354466985347,24.652964106146648,59.766638617409974,1037.6069198361502,3.1187924717458997,5.772690929387457,1.594661591053646,66.70477892481067,69.90956476954018,27.274719962312197,7.972225523130675,25.0,0.0,50.0,49.834244760560004,7.972225523130675,0.1657552394399957
2026-03-04 18:44:31.028,49.8000476584209,74.86753230763566,29.17669093812614,46.66286247443405,959.0542231428584,4.105196980887299,3.970353767187129,4.510388650469742,10.402553910460755,88.2498256348384,26.647223591620943,8.096051577021647,25.0,0.0,50.0,49.8000476584209,8.096051577021647,0.1999523415790989
2026-03-04 18:44:32.029,49.71076010376572,68.29843063337178,25.222274039028704,55.26697514300838,995.2956214525442,0.6015987210020762,1.5173141975039492,5.380396888595861,59.87116052527887,70.07937212152325,21.047088606467828,8.384886535808109,25.0,0.0,50.0,49.71076010376572,8.384886535808109,0.28923989623427815
2026-03-04 18:44:33.025,49.749918415180005,56.9442997211536,23.318327917300113,69.39759849379918,989.4208682540544,3.1032845784069685,0.54171236823774,1.6770359775113493,90.47430479078648,84.7594180643992,22.98445084541876,8.260502698334825,25.0,0.0,50.0,49.749918415180005,8.260502698334825,0.2500815848199949
2026-03-04 18:44:34.028,49.69018223198549,49.76998710842119,23.34742131204412,55.017567092896606,1010.3359485423211,5.4230670666276515,2.1165895763262537,5.583618580309241,41.17835104233034,11.236780135803514,23.630532519909853,8.482970822628129,25.0,0.0,50.0,49.69018223198549,8.482970822628129,0.30981776801451133
2026-03-04 18:44:35.029,49.85456715059737,61.774451444120096,20.944176929629634,67.81227915628983,1005.3802484847845,3.131040535154844,5.512766221691193,2.5690790608422027,57.32771308759389,71.87127319601052,21.188509623072108,8.050656572959747,25.0,0.0,50.0,49.85456715059737,8.050656572959747,0.14543284940263135
2026-03-04 18:44:36.026,49.77179098421128,52.472817638303795,26.941415948488505,46.06004435955284,1001.1626384594821,2.5749934029862,2.458500164774142,3.794972476401896,71.17056808744145,99.06510406514303,21.271947731377164,8.370347402190465,25.0,0.0,50.0,49.77179098421128,8.370347402190465,0.2282090157887211
2026-03-04 18:44:37.026,49.88504480569046,57.09851231636027,28.148148031105897,64.89789106825503,1040.7511107115745,5.3751706551079454,4.113596554805554,5.585542601327782,58.748370967357666,77.94248504012029,28.961454030275686,8.10834111438686,25.0,0.0,50.0,49.88504480569046,8.10834111438686,0.11495519430953749
2026-03-04 18:44:38.026,50.02237188143127,65.73289599477401,25.877188629368792,50.050685749790745,1043.8946403928169,4.404307963581332,2.350663895224783,2.3262302811492632,39.15155803729922,14.570398236494054,21.707352600646686,7.736794986234415,25.0,0.0,50.0,50.02237188143127,7.736794986234415,-0.022371881431269003
2026-03-04 18:44:39.028,49.89832123642343,49.04669504692219,20.065937339367014,41.213698037199656,994.1843874123875,1.9327592175281774,3.301356065460558,5.713172196530991,97.78891366220964,17.878868948646097,22.18643775570209,8.036892363579899,25.0,0.0,50.0,49.89832123642343,8.036892363579899,0.10167876357657235
2026-03-04 18:44:40.027,50.006704143630465,44.410158525817614,22.928293099924158,68.96390214803193,972.9736235749062,5.244493160677824,3.6087131472246003,4.394332541518456,97.73085855720107,89.17557170713856,21.869258911066417,7.782557460126235,25.0,0.0,50.0,50.006704143630465,7.782557460126235,-0.006704143630464898
2026-03-04 18:44:41.028,49.81648618080585,67.22758239124965,22.59636610130473,69.28591940345466,960.7088491133165,0.21524844313760624,4.8297301681863205,5.559301641925418,82.86391417644587,0.5011499268757547,20.91680078473423,8.237350408316349,25.0,0.0,50.0,49.81648618080585,8.237350408316349,0.18351381919414678
2026-03-04 18:44:42.029,49.616073866884676,79.37641535213822,28.922663945281798,32.880420794720926,955.9973547140852,5.749352678040659,0.780895739143034,1.5169781413275194,72.8869128037553,21.045104060632568,28.43723373869358,8.799678825902046,25.0,0.0,50.0,49.616073866884676,8.799678825902046,0.38392613311532386
2026-03-04 18:44:43.027,49.665876828622515,77.59048491339084,29.870693485390966,66.39675322654449,987.5243608464843,0.18903113745583955,4.258168794766412,3.3077008402888692,29.55978344625658,94.2346073908418,25.17852875901884,8.682900438308813,25.0,0.0,50.0,49.665876828622515,8.682900438308813,0.3341231713774846
2026-03-04 18:44:44.027,49.71288928096983,42.57231834769377,29.264782616810308,67.1442240914422,958.1243017083164,4.083633222416024,4.136222441581606,4.5892344112057755,4.3259664503078055,81.54575414192217,21.046571586324553,8.548548575832626,25.0,0.0,50.0,49.71288928096983,8.548548575832626,0.28711071903016716
2026-03-04 18:44:45.028,49.76526542530055,59.4590542648902,24.401111721840714,36.30171442412113,1006.3784111811834,3.0052140298468935,4.027581062023692,0.24622682766516016,93.26502500489578,96.3096557144732,26.401434004209236,8.50827989046505,25.0,0.0,50.0,49.76526542530055,8.50827989046505,0.23473457469945203
2026-03-04 18:44:46.026,49.46611317898199,45.87671992135386,27.19844542569553,53.95523247616778,966.5404178926758,3.0089578780407686,4.791916449922433,0.7781586695937546,42.43372859594907,21.397817462978697,21.54256937897924,9.282657771769147,25.0,0.0,50.0,49.46611317898199,9.282657771769147,0.5338868210180081
2026-03-04 18:44:47.029,49.465983467593496,50.543097771250984,23.065416658925965,59.878064180434265,972.8092738462979,0.9502592471510752,2.1587001634470013,3.8937923543748036,93.03456041687969,18.88034104229056,26.27542562620352,9.343094783189098,25.0,0.0,50.0,49.465983467593496,9.343094783189098,0.534016532406504
2026-03-04 18:44:48.025,49.66083480782709,57.6733864315864,25.406968802491917,42.50734914534853,953.8102989970828,0.58682821980494,4.304359133747518,4.234281210612459,88.4322711867623,2.075043290560308,27.591307784500255,8.895491192803567,25.0,0.0,50.0,49.66083480782709,8.895491192803567,0.3391651921729135
2026-03-04 18:44:49.028,49.757618052822096,50.72189024853112,29.991487748427815,30.548996126016878,972.1510523913973,1.7212841993628858,1.6719262880165215,3.822351126297119,16.84268592666307,38.65613587414535,21.770606560843774,8.673081939108808,25.0,0.0,50.0,49.757618052822096,8.673081939108808,0.24238194717790407
2026-03-04 18:44:50.030,49.86248807217948,59.07818615948552,29.759702557256936,68.4670068692201,1039.034880783275,3.3947086980265437,2.7203735479507105,1.8361917348700478,84.76674200731009,93.52047258277423,24.226074481905545,8.43140900974311,25.0,0.0,50.0,49.86248807217948,8.43140900974311,0.13751192782051902
2026-03-04 18:44:51.029,49.936760707026856,68.12984250988231,25.97809654222176,55.53615952095977,1001.2819436263409,0.7212877709528823,3.993045245510101,0.24148370706515151,66.46973890203788,41.12118144161059,26.237401490487354,8.274083137146247,25.0,0.0,50.0,49.936760707026856,8.274083137146247,0.06323929297314379
2026-03-04 18:44:52.025,49.881101848414396,79.49849261473602,21.420862108289846,63.69924646721256,1038.624049901144,5.9207682602787735,1.9953286333310618,1.8142132571731395,47.53382465305953,34.261467833987794,27.616502951121632,8.431334154992507,25.0,0.0,50.0,49.881101848414396,8.431334154992507,0.11889815158560424
2026-03-04 18:44:53.026,49.97649099555608,74.98290540409317,29.66813960407415,56.170092639756675,1036.1973767051984,3.903865934738952,4.770449803956043,5.2236964864273805,0.6774655496807447,91.89302647398944,29.422594080622716,8.126718941565558,25.0,0.0,50.0,49.97649099555608,8.126718941565558,0.02350900444392323
2026-03-04 18:44:54.028,50.09740755058762,47.08420179944116,21.281605969275986,68.44756551472372,966.364911855112,1.6850123677327724,0.414295607586525,1.470544025925705,39.85312841447944,78.89806568382043,27.18676179713803,7.852391721639977,25.0,0.0,50.0,50.09740755058762,7.852391721639977,-0.09740755058761863
2026-03-04 18:44:55.029,49.94841058109691,41.70484042181591,26.717410927252335,51.89392699840805,1028.3857325172696,3.3021442882781082,4.535967295943593,4.23731578521022,45.52557443839771,18.273544572200827,21.51220215902369,8.25028430962976,25.0,0.0,50.0,49.94841058109691,8.25028430962976,0.051589418903091655
2026-03-04 18:44:56.028,49.982379865827355,68.93480431237217,20.93011676966671,66.23677726255039,1000.4998481811101,0.5560060982939392,0.6623435352185486,6.237543326549087,11.724301696338147,36.758814090656756,22.813500314097727,8.14962648615892,25.0,0.0,50.0,49.982379865827355,8.14962648615892,0.017620134172645407
2026-03-04 18:44:57.027,50.070015824103386,47.48257788312557,22.57618400873121,45.28922584459234,1012.84256985154,2.5811315185068113,1.9925288729966537,4.101384808921945,32.68522515544593,16.571934997320326,22.27807296995882,7.991681640707991,25.0,0.0,50.0,50.070015824103386,7.991681640707991,-0.07001582410338614
2026-03-04 18:44:58.029,50.199141754471185,74.38280933108152,29.070691406629937,35.011254449243516,950.9717208596581,1.0692204507263472,3.52215072630936,2.3384230237042165,52.46769802397664,88.33870614095068,20.431681778181172,7.613029648894914,25.0,0.0,50.0,50.199141754471185,7.613029648894914,-0.1991417544711851
2026-03-04 18:44:59.027,50.01188809662226,49.53918491370665,24.278198683050285,34.49217520886818,1040.9915721930188,3.0273482522412865,2.4096037666349432,0.21530568250837925,82.31731363728323,52.223646679264355,24.259992552904514,8.068447199775742,25.0,0.0,50.0,50.01188809662226,8.068447199775742,-0.011888096622257649
2026-03-04 18:45:00.026,50.142148132553004,45.829865979865694,26.71626254452494,53.634880899396435,992.2439793519483,0.8202724195099093,5.767172117431433,1.4402696009206677,25.68462116124123,79.33646136769406,27.978431482522993,7.754951113484866,25.0,0.0,50.0,50.142148132553004,7.754951113484866,-0.14214813255300385
2026-03-04 18:45:01.028,49.79475474065452,75.87911053944538,24.382893587394896,63.73058464393948,1025.8758486836437,1.0847003050324557,3.7472791115793704,2.8733613906418425,4.008506062520512,96.89664591406684,29.930414217652885,8.69258773902059,25.0,0.0,50.0,49.79475474065452,8.69258773902059,0.20524525934548166
2026-03-04 18:45:02.029,49.69259460038227,70.90785312000413,20.25280109798101,39.03827822915147,1012.8835365372493,2.8587512009996296,2.101310020913622,5.676423354728734,13.510338543924426,1.54016357058534,25.688842065387956,8.91465963363643,25.0,0.0,50.0,49.69259460038227,8.91465963363643,0.3074053996177284
2026-03-04 18:45:03.026,49.83199887960531,61.736553497765314,26.777172172264844,57.269050674003154,1035.759848527165,1.6593998988474188,1.0491479945562328,4.086230986023434,48.73664325077741,2.4826863341883887,21.594878822749713,8.577386733339189,25.0,0.0,50.0,49.83199887960531,8.577386733339189,0.16800112039469184
2026-03-04 18:45:04.027,49.963998628405655,77.78027181622183,25.06706978235365,47.84598691246373,1045.5920950841828,3.605877840530307,1.8963755799567221,1.1944668031182437,93.28314204045492,87.35220305739482,20.78935274284743,8.26874770341986,25.0,0.0,50.0,49.963998628405655,8.26874770341986,0.036001371594345244
2026-03-04 18:45:05.030,50.046498274987975,56.93387780773519,21.07664468189296,43.31061747100351,999.5818314282571,4.725526873983631,4.24873363693806,4.157943149954019,48.093971039835296,27.728964834515814,24.72975704259854,8.059047715635574,25.0,0.0,50.0,50.046498274987975,8.059047715635574,-0.04649827498797521
2026-03-04 18:45:06.027,50.11766194498994,63.50841897123015,24.48232425240468,48.28458315370289,1045.333680187306,2.0876565819309034,4.3073325717333875,3.9260328760318304,20.416648707905903,16.903925655902807,29.84807339867906,7.890239500782252,25.0,0.0,50.0,50.11766194498994,7.890239500782252,-0.11766194498994054
2026-03-04 18:45:07.029,49.72601554228789,76.48108954747443,29.78490259498048,41.53370096873173,978.9977428744788,3.5218825898161006,6.0141395275050185,2.7479394610415957,12.69409947629876,88.39798721588552,28.95690395011317,8.821404014261857,25.0,0.0,50.0,49.72601554228789,8.821404014261857,0.27398445771211044
2026-03-04 18:45:08.027,49.7946268824401,63.84406224640079,22.327930898089434,63.4812997036684,1018.4991479768377,5.824572093179659,5.23077507527481,5.19728908335445,28.118064536087573,2.7448983392289406,22.613645153150163,8.707419925819947,25.0,0.0,50.0,49.7946268824401,8.707419925819947,0.20537311755990117
2026-03-04 18:45:09.026,49.84276413009273,45.255885308343316,24.856378279280044,53.97965097928011,959.1158266191297,2.1844434684531544,3.6344777129019405,2.827352669120493,18.421850600796,88.04196316537005,21.481944566357573,8.577665942017008,25.0,0.0,50.0,49.84276413009273,8.577665942017008,0.157235869907268
2026-03-04 18:45:10.036,49.673911766658335,74.92029625688727,28.62077161203229,69.77863073534137,950.8915014996745,4.37341796623964,1.1166142001498733,4.170530936848257,54.09807502326939,34.261447337234465,23.496992403811234,9.078696048753207,25.0,0.0,50.0,49.673911766658335,9.078696048753207,0.3260882333416646
2026-03-04 18:45:11.028,49.8361192308689,54.85154447246968,29.807274013327397,40.90686717132687,1009.1909662760072,0.35421824670722185,2.162458037498905,0.7153740514549694,13.556001381173022,72.26544259853395,21.218351004428662,8.68308062739498,25.0,0.0,50.0,49.8361192308689,8.68308062739498,0.16388076913109728
2026-03-04 18:45:12.027,49.74564427429885,64.13296334245419,23.3240719959073,45.81998241020513,983.2790476878889,0.9465060042214123,4.630836811034723,0.6365433389887692,83.68712015838614,4.470288500740171,20.25810544190371,8.96228836226605,25.0,0.0,50.0,49.74564427429885,8.96228836226605,0.25435572570115283
2026-03-04 18:45:13.029,50.101039548554,43.77577470988734,29.759717620969866,55.961217140576665,950.3896006017724,3.1243281141701322,4.9373526588641745,2.3391812417305786,84.27506740885815,45.073895577351585,21.26409075562654,8.034845066194418,25.0,0.0,50.0,50.101039548554,8.034845066194418,-0.10103954855399877
2026-03-04 18:45:14.027,50.079407653378475,76.02961670848845,26.42742486999066,49.170752062246905,1012.7494589700912,1.0483934987103427,2.0119467731089884,2.2890767429031778,11.297955076535704,0.22693620893656785,28.476628001682805,8.129610878152159,25.0,0.0,50.0,50.079407653378475,8.129610878152159,-0.07940765337847466
2026-03-04 18:45:15.028,50.144007999467945,75.21005612654736,29.85539310253217,51.07581755950618,1009.6892894813664,1.4592977199403916,6.21473672080399,5.903576929804622,92.09143495101048,33.77380834055571,29.48393990869898,7.908603932105676,25.0,0.0,50.0,50.144007999467945,7.908603932105676,-0.14400799946794507
2026-03-04 18:45:16.029,50.17321050784582,40.26354858313002,21.93977673654511,34.33263931313653,967.3474314026066,5.164832962641111,0.31823753558792023,1.0716170454422025,22.586274157285978,37.92801181327893,24.74084865463038,7.8720062072793375,25.0,0.0,50.0,50.17321050784582,7.8720062072793375,-0.17321050784582326
2026-03-04 18:45:17.028,50.024259904897896,52.57974275197229,28.644586276585564,31.4517390329018,1006.9706683229977,4.454495970006593,4.941195158641008,4.081806453163179,74.05115540548245,91.7596018157685,21.69955106384667,8.22991030702,25.0,0.0,50.0,50.024259904897896,8.22991030702,-0.02425990489789598
2026-03-04 18:45:18.028,50.16028674385036,70.43591058040946,22.468092206363686,69.37153598644962,994.3947336813948,0.305573458417521,5.32490091535105,2.6039749525227873,7.574382421881798,58.59131385020808,21.599427604369247,7.855187562544453,25.0,0.0,50.0,50.16028674385036,7.855187562544453,-0.16028674385035657
2026-03-04 18:45:19.025,50.13664782658252,45.32793718173818,27.365174694313122,66.42076023344279,1048.5287480472898,0.6576580129407589,4.362092736026832,3.6859905127799406,19.983671547367976,47.58890421412908,23.739259274297584,7.912412645007908,25.0,0.0,50.0,50.13664782658252,7.912412645007908,-0.13664782658251795
2026-03-04 18:45:20.029,50.27221346931375,70.55699571869037,28.585308157702894,67.65086631146514,1032.9470419208574,0.8786436133447896,5.664391045423358,4.765505733743309,5.494046962777088,59.01144660803084,24.410920011429802,7.571083513228514,25.0,0.0,50.0,50.27221346931375,7.571083513228514,-0.2722134693137477
2026-03-04 18:45:21.028,50.13152930727321,65.43613367620151,29.79993994762929,57.03131397026688,1042.4059756586494,1.9060322210051526,5.852800487688441,4.0784715639295985,11.483661140190193,31.714472654843682,28.86097353947526,7.9185433762699855,25.0,0.0,50.0,50.13152930727321,7.9185433762699855,-0.13152930727321177
2026-03-04 18:45:22.029,50.1563770437216,68.31835274640052,24.633437554841358,64.84540563936321,1049.6391737884828,5.600588726236532,5.905897799073348,0.6025669786623095,89.94065721202522,85.15174275635344,24.293100945144438,7.834108645678512,25.0,0.0,50.0,50.1563770437216,7.834108645678512,-0.15637704372159789
2026-03-04 18:45:23.024,50.08625881121491,75.5117193217273,20.38765737439624,33.036293557605816,968.195594996005,5.761441876202419,5.359221082025235,4.420493409829458,23.211188308002374,66.93483188965878,24.156757721765352,7.967865514680829,25.0,0.0,50.0,50.08625881121491,7.967865514680829,-0.08625881121491119
2026-03-04 18:45:24.028,50.056406912892164,49.22608151228049,29.904516975286285,65.28099319415148,993.8255207094913,0.603321719505544,3.276600317616311,2.092688398802494,35.3518832921738,19.284064446186,20.46920156004373,8.021808153459354,25.0,0.0,50.0,50.056406912892164,8.021808153459354,-0.056406912892164485
2026-03-04 18:45:25.028,49.92595363863661,77.7814357754834,28.861929772767226,67.18612158511024,1021.2470782648626,0.08915737681655414,6.040536147561345,0.5290064937242518,11.878109500610313,64.87408934221482,21.3859492253859,8.361290797410753,25.0,0.0,50.0,49.92595363863661,8.361290797410753,0.07404636136339349
2026-03-04 18:45:26.028,49.934431906514156,59.24169201746602,20.874000608790872,33.635306549184236,1019.0833347679165,0.7624178098931539,2.5890012242489426,4.388529756427316,52.51731609635725,63.344142853130904,22.747658994524215,8.32720933877379,25.0,0.0,50.0,49.934431906514156,8.32720933877379,0.0655680934858438
2026-03-04 18:45:27.027,50.14557037592141,69.01200908639848,20.454578461171845,31.665245314190326,971.991094092587,2.334430006389352,1.6057217540004196,3.734553369659478,86.52297479499211,40.35749011006106,28.688677640783986,7.801837896968802,25.0,0.0,50.0,50.14557037592141,7.801837896968802,-0.14557037592140887
2026-03-04 18:45:28.028,50.01834805237951,51.30246154828468,28.201771012728564,69.08759908555831,1037.012394681985,2.56127898563949,5.354005831892863,2.9361409542395593,5.541977375160878,12.607425133371509,28.824719939619158,8.112366613482573,25.0,0.0,50.0,50.01834805237951,8.112366613482573,-0.018348052379508317
2026-03-04 18:45:29.026,50.148293940992495,51.49336628970357,24.445158618719645,34.898035087393836,961.230291154846,6.121555905231979,5.000789895560729,1.2432232038052249,49.041820631785946,20.770588306853156,20.32471641655467,7.78335148851027,25.0,0.0,50.0,50.148293940992495,7.78335148851027,-0.14829394099249527
2026-03-04 18:45:30.029,50.250102464958545,77.90446323909805,27.24293129273931,40.49540605004151,983.8061821401743,0.016577198276335522,0.6092246395658786,1.9462910481877187,67.81311310724442,84.57205398886299,28.87722056565661,7.469932662443517,25.0,0.0,50.0,50.250102464958545,7.469932662443517,-0.2501024649585446
2026-03-04 18:45:31.027,50.35303102639997,55.60268546093717,26.624301751635336,65.92450461524871,968.4408312922083,3.6571788065691067,0.5585496769260893,3.4877480045585463,34.38271715062019,58.99198395525974,24.274921596324475,7.242087602977865,25.0,0.0,50.0,50.35303102639997,7.242087602977865,-0.3530310263999681
2026-03-04 18:45:32.028,50.23594326670248,48.82533235854231,24.279853627171654,34.691432854853055,955.1973255478491,1.6597946760229592,3.998474830021661,1.7157340782037371,42.22769081036609,27.082106709588206,23.903071204948823,7.514168284276394,25.0,0.0,50.0,50.23594326670248,7.514168284276394,-0.23594326670247767
2026-03-04 18:45:33.029,50.333540291504534,63.163623567335726,28.63222807618171,35.879205336534135,980.2618832578067,0.918802346621465,0.005267946071576738,2.0349302558984617,17.917349475700238,90.19013047094562,28.761205209241346,7.255646967614487,25.0,0.0,50.0,50.333540291504534,7.255646967614487,-0.33354029150453357
2026-03-04 18:45:34.028,50.12269449970973,53.285150100718475,25.568005077558407,35.181955751430024,960.9035037381091,0.5159510511984938,4.119019379520612,1.0360417990596353,13.193718638693063,29.79107344176315,21.834751697009985,7.674223020407307,25.0,0.0,50.0,50.12269449970973,7.674223020407307,-0.12269449970973056
2026-03-04 18:45:35.029,49.96838171243103,71.82061914402834,20.51841674014921,36.31140993534093,997.826829374203,3.408970050637304,5.588892348358157,5.132151849605522,75.40972393648494,45.1786367542369,27.54799300706468,8.097860232272602,25.0,0.0,50.0,49.96838171243103,8.097860232272602,0.03161828756896767
2026-03-04 18:45:36.028,50.239485529968434,63.57507407230246,24.6674934367972,32.94992656558085,981.9251027612045,5.585093512330029,1.1604391706719572,1.0746971787003905,88.77806881298055,19.37636914113856,29.079944006940174,7.376205790170362,25.0,0.0,50.0,50.239485529968434,7.376205790170362,-0.23948552996843375
2026-03-04 18:45:37.026,50.00939056870671,60.79330895366965,22.280389412429503,44.35000656538888,1045.524650051861,2.727132878617592,2.6352036217711916,1.5636857376661726,50.132091373511535,7.363909095448573,25.31896045264157,8.007144734248875,25.0,0.0,50.0,50.00939056870671,8.007144734248875,-0.009390568706713509
2026-03-04 18:45:38.028,49.79387948493456,62.43081652288307,24.539109700009007,31.96578771232663,1047.0055281368593,3.488054259474807,3.898660315432264,1.6504488345017208,90.99294987050307,34.645876433482336,23.062017627885865,8.53806335499065,25.0,0.0,50.0,49.79387948493456,8.53806335499065,0.20612051506544304
2026-03-04 18:45:39.027,49.75085585892404,59.18054224510202,28.665036013058007,52.89561911160696,959.20676900117,2.423394864581371,1.4541872530753266,6.076490040508021,95.48125636182185,38.77929903890197,20.724154906550023,8.667617532852864,25.0,0.0,50.0,49.75085585892404,8.667617532852864,0.24914414107595917
2026-03-04 18:45:40.029,49.73670847712093,45.636644065081626,29.863783449371205,65.51712009191331,992.3596469655772,2.394818703896107,2.709038388495573,5.905784218499061,22.920685491911797,77.47778834859945,28.401775013302448,8.711363676577161,25.0,0.0,50.0,49.73670847712093,8.711363676577161,0.2632915228790722
2026-03-04 18:45:41.025,49.86711152044013,77.48013728410658,29.886280020455438,41.40192492054708,961.0986490667823,0.9714804438505668,1.976474414458068,5.710324629102385,92.6566630500354,72.87743368163999,29.73639051709852,8.406725309241553,25.0,0.0,50.0,49.86711152044013,8.406725309241553,0.13288847955986682
2026-03-04 18:45:42.028,49.77145494672572,49.95799875915029,26.859727593554197,49.51484641143413,992.8512081760728,1.9192699782744682,2.498700851605956,2.0765649396809227,91.48905586919115,50.974266098356004,26.905597261222713,8.687015618254874,25.0,0.0,50.0,49.77145494672572,8.687015618254874,0.22854505327428143
2026-03-04 18:45:43.027,49.897832510616084,46.60089880091292,24.570755157807493,69.16388252649809,1006.6138735673812,3.7427731608952146,5.312890158290191,0.916700967953078,33.59223004532601,31.459044041104512,23.21763864603136,8.382672627304055,25.0,0.0,50.0,49.897832510616084,8.382672627304055,0.10216748938391618
2026-03-04 18:45:44.029,49.92668607534594,74.72278006227783,23.57611766636567,30.155270491601694,1012.6956669331262,3.887755074021515,2.611338838838626,1.7610546107275737,39.91093629062132,57.426944017858936,23.518854227563295,8.308174699047246,25.0,0.0,50.0,49.92668607534594,8.308174699047246,0.07331392465405884
2026-03-04 18:45:45.029,49.90842857006915,76.52546422594949,24.896994913761365,33.31202187824007,958.3463476310953,1.7884208797691425,1.4366288121875421,2.3089102460022866,41.016013623036805,68.02109567058591,29.266030727821274,8.367626789316839,25.0,0.0,50.0,49.90842857006915,8.367626789316839,0.09157142993085188
2026-03-04 18:45:46.028,49.953619799814604,69.56861108110381,26.423371529678004,52.55117427593103,994.974896605463,6.002554356887073,0.92352123661131,0.622685754028892,90.10214383260252,49.87090865597595,22.78839944071663,8.247966396203783,25.0,0.0,50.0,49.953619799814604,8.247966396203783,0.04638020018539635
2026-03-04 18:45:47.028,49.957422457711914,74.29115628370653,28.44007932212191,33.507616774286106,1017.169180271549,4.271559540701306,5.5125462883398875,5.969149938884758,29.696184031672036,54.91637286233506,27.777263241996426,8.217026496285902,25.0,0.0,50.0,49.957422457711914,8.217026496285902,0.04257754228808608
2026-03-04 18:45:48.029,49.95377210103828,60.0376863653644,24.610977908367193,56.75892875580658,981.7746328287479,1.8110594211539481,1.1665980499312765,4.994617120100116,29.524300933854832,94.2111812229383,27.86551524625894,8.227454936425909,25.0,0.0,50.0,49.95377210103828,8.227454936425909,0.04622789896171753
2026-03-04 18:45:49.029,50.041708957075926,46.0257505443585,26.24696095722396,30.873142541862293,1044.4326036865245,3.3704580381146085,2.140023865233895,4.966538762815515,10.611923168741344,26.681969481405698,27.542356377453352,8.004670680220197,25.0,0.0,50.0,50.041708957075926,8.004670680220197,-0.04170895707592592
2026-03-04 18:45:50.025,49.60562444791572,50.20758108667344,26.944551445621443,31.93894088667459,1043.6501433827336,2.895979443178502,4.332588107714749,1.8032137764391143,84.57957382922719,92.36387021376244,28.26211097978713,9.16745108212771,25.0,0.0,50.0,49.60562444791572,9.16745108212771,0.3943755520842771
2026-03-04 18:45:51.027,49.62104441907677,58.86775277369332,20.23956642888539,62.39430330827175,1044.9282550353234,4.949073830036837,0.3863329125908346,0.5583693633601137,7.162201948559444,96.26511068516552,27.462139844617752,9.127877340732322,25.0,0.0,50.0,49.62104441907677,9.127877340732322,0.37895558092323256
2026-03-04 18:45:52.030,49.70179920488296,41.95653902086645,20.07113295326272,31.423323560955918,1006.4985750934903,4.787840580753444,5.314742556949028,2.3333929634896013,71.28481116254738,40.09307438180395,28.780777188917753,8.996468620383919,25.0,0.0,50.0,49.70179920488296,8.996468620383919,0.29820079511704023
2026-03-04 18:45:53.029,49.6954920512386,54.720324880157065,25.750021058370308,52.08229472545216,1004.265701917812,5.7146573932189915,5.715419273208824,3.874802540703732,49.8688068892153,10.62691072018993,24.09196690950079,9.016892681529567,25.0,0.0,50.0,49.6954920512386,9.016892681529567,0.30450794876139753
2026-03-04 18:45:54.028,49.8572328838022,54.66646357826585,22.469245358772778,66.57934822443539,979.7762231317377,5.401332608232909,0.4406316710864001,1.1933568515335404,45.0991791610077,35.31369513332358,28.784090017027385,8.675158170318793,25.0,0.0,50.0,49.8572328838022,8.675158170318793,0.14276711619780258
2026-03-04 18:45:55.027,49.67591268587177,66.52652540988126,25.301207716551648,49.08856464459192,984.8288132023727,3.63011268860521,0.7296364135288874,5.310216447580606,11.341177894679477,3.2164501445980154,24.404676487244757,9.121375752409843,25.0,0.0,50.0,49.67591268587177,9.121375752409843,0.3240873141282279
2026-03-04 18:45:56.026,49.97839715675044,65.73224437461717,27.24194135638987,55.005857353267196,1044.0067027938887,6.126509093878072,3.557271680426304,4.904365278081634,36.83463305989716,72.74552485083018,22.830075553861153,8.371899734453178,25.0,0.0,50.0,49.97839715675044,8.371899734453178,0.02160284324956052
2026-03-04 18:45:57.025,49.89598400052407,79.31716399097748,26.05792395788984,60.085664130400104,1018.590062750375,2.881501326159731,0.36720515852744096,4.071058188815848,34.549813319431934,93.85741460600597,21.0537854379493,8.596423041530336,25.0,0.0,50.0,49.89598400052407,8.596423041530336,0.10401599947593354
2026-03-04 18:45:58.031,49.80472927463226,63.81513654131442,27.72522363259083,46.507372686581036,986.7317560981444,0.35713675580085236,5.698681884264018,1.6868195370127401,55.48658382698362,19.6376579586647,21.275433395298837,8.863636222156149,25.0,0.0,50.0,49.80472927463226,8.863636222156149,0.1952707253677417
2026-03-04 18:45:59.028,49.935076349363136,65.86215603910503,23.39918758395596,48.37944907251639,970.346371782771,5.165664904542477,1.607035540822696,1.5866157432367842,87.03941727501322,64.31622313538857,26.364782211095335,8.492004764373943,25.0,0.0,50.0,49.935076349363136,8.492004764373943,0.06492365063686378
2026-03-04 18:46:00.028,50.09878901667163,58.244142650836324,26.671487138848697,34.87970911670512,981.9751150569745,5.740944064168595,2.321567775659724,4.569728062113445,7.726788792443651,99.07991345077657,28.183175419144618,8.069220892198782,25.0,0.0,50.0,50.09878901667163,8.069220892198782,-0.0987890166716312
2026-03-04 18:46:01.029,50.21836073456737,58.999200643210386,23.78105295920801,45.24844947285942,994.8156924258773,1.7560783297164377,6.049533889832032,4.1031289531002955,1.0660719164197419,14.278756057919416,21.50701205997686,7.7831541262782356,25.0,0.0,50.0,50.21836073456737,7.7831541262782356,-0.21836073456736926
2026-03-04 18:46:02.029,50.14702893862553,41.94156263128147,22.654591639161755,39.50665481099554,1037.1585063393281,0.6018217802048341,5.394617419822055,4.767090128195825,49.79889107903465,48.22065842951807,22.165006853789265,7.9695321243371335,25.0,0.0,50.0,50.14702893862553,7.9695321243371335,-0.14702893862553168
2026-03-04 18:46:03.027,49.84428185799671,78.06799376833798,24.482308046913587,30.304384239274928,976.0242260354502,0.882037423823516,4.474712667938636,4.6728419275920245,6.442287816273806,9.361067860906624,23.384121192087576,8.70382983625264,25.0,0.0,50.0,49.84428185799671,8.70382983625264,0.1557181420032876
2026-03-04 18:46:04.028,49.84144084259634,48.17424288413373,26.24698684556509,40.905748680480585,966.7629000770637,5.4499801057090345,3.608502712372649,2.44222531915374,71.38991320026705,59.58477566476711,20.986617209992357,8.779323543105061,25.0,0.0,50.0,49.84144084259634,8.779323543105061,0.15855915740365845
2026-03-04 18:46:05.025,49.84711247358978,71.08800324521387,26.424817653058074,60.3188830488095,982.6118558661669,4.037479373727312,3.9892763193026717,6.250721946737645,83.97798036360585,81.26037832373689,20.045583838671558,8.771360108468238,25.0,0.0,50.0,49.84711247358978,8.771360108468238,0.1528875264102183
2026-03-04 18:46:06.029,50.030423172967375,69.04910035940505,29.49388787228152,66.13800722792371,957.9957544469224,4.548048132311836,5.259068858224695,2.466406010697768,60.80389965891308,75.02224405820725,22.833398633799234,8.25924535893272,25.0,0.0,50.0,50.030423172967375,8.25924535893272,-0.030423172967374512
2026-03-04 18:46:07.029,50.119179720455726,64.32096143302938,24.23345510512008,30.57803539251971,1049.622858588137,4.631100338396228,1.0088246439548276,4.485786397429556,30.363271981057316,43.73659356441324,25.50470431402566,8.068644051797511,25.0,0.0,50.0,50.119179720455726,8.068644051797511,-0.11917972045572611
2026-03-04 18:46:08.028,49.91942809149517,77.47571181951088,20.110810622732767,38.5223269507633,989.0067680430509,5.262185757349621,3.341149592744257,5.1376881515423305,34.96156273982667,27.078211115468353,24.042249648756723,8.554995190624053,25.0,0.0,50.0,49.91942809149517,8.554995190624053,0.08057190850482954
2026-03-04 18:46:09.029,50.06782816306702,55.14845280784611,28.070977193541232,56.614183511447706,1047.027768913091,4.731310483112319,3.302705956396263,3.2400175875207724,52.216638215907686,82.1932205003235,24.721882790029625,8.16470409518479,25.0,0.0,50.0,50.06782816306702,8.16470409518479,-0.06782816306701989
